<?xml version="1.0"?><dsplanning xmlns:xsi="http://www.w3.org/2001/XMLSchema-instance"><ttplanning><DATCRE>2014-10-10</DATCRE><TIMECRE>0</TIMECRE><USERCRE/><DATWYZ>2014-10-13</DATWYZ><TIMEWYZ>57957</TIMEWYZ><USERWYZ/><FIRMANR>5</FIRMANR><SOORT>0</SOORT><ORDNR>0.0</ORDNR><ORDVOLGNR>0</ORDVOLGNR><ORDSOORT>0</ORDSOORT><ORDSUBSOORT>0</ORDSUBSOORT><STATUSCODE>PROC</STATUSCODE><ACTIVITEIT>Doktransport</ACTIVITEIT><DATREQ xsi:nil="true"/><TIMEREQ/><OMSCHR1>TCL3 - Antwerpen - Original Consignment Number: 114915</OMSCHR1><OMSCHR2/><OMSCHR3/><ADRESNR>0.0</ADRESNR><VOLGNR>1</VOLGNR><IDENTNR>0</IDENTNR><PRIOR>3</PRIOR><OMSCHRPRIOR/><KDSTOCK/><DATREQTOT xsi:nil="true"/><TIMEREQTOT/><DUUR>0</DUUR><OMSCHR4/><NAAM/><ADRES>Antwerpen</ADRES><STAD/><TELEFOON/><TELEFOON2/><BTWNR/><POSTNR/><LAND/><KDKATEG1>0</KDKATEG1><FACTUURADRESNR>0.0</FACTUURADRESNR><FACTUURNAAM/><DEPOT/><WAGEN/><ROUTENR>0</ROUTENR><DATOPT xsi:nil="true"/><DATOPTTOT xsi:nil="true"/><TIMEOPT/><TIMEOPTTOT/><WAGENGEVRAAGD/><CHAUFFEUR>Sefcet Bahtijarevic</CHAUFFEUR><NUMMERPLAAT/><STATUS2>Voltooid</STATUS2><WERF/><WERF2/><WERFADRESNR>0.0</WERFADRESNR><WERFSTRAAT/><WERFLAND/><WERFPOST/><WERFSTAD/><WERFTELEFO/><WERFTELEFO-2/><LAADADRESNR>0.0</LAADADRESNR><Container_type>General Purpose without ventilation</Container_type><Zegel>B4848785</Zegel><LAADSTRAAT/><LAADLAND/><LAADPOST/><LAADSTAD/><Original_ORGCY_Obj>14490001.042100000</Original_ORGCY_Obj><Intermodal_ORGCY_Obj>14416050.922100000</Intermodal_ORGCY_Obj><Original_QSTS_Obj>17531435.902100000</Original_QSTS_Obj><Plan_Sequence_Number>92902</Plan_Sequence_Number><QTP1_Obj>224848.902100000</QTP1_Obj><Original_ORGAC_Obj>14529037.042100000</Original_ORGAC_Obj><Intermodal_ORGAC_Obj>14529064.042100000</Intermodal_ORGAC_Obj><Original_FINAC_Obj>532316975.042100000</Original_FINAC_Obj><Intermodal_FINAC_Obj>545564854.042100000</Intermodal_FINAC_Obj><Original_Consignment_Number>114915.00</Original_Consignment_Number><Original_Cargo_Number>CMAU 179983-2</Original_Cargo_Number><Original_FINAC_Analytic_Code>141004813</Original_FINAC_Analytic_Code><Action_From_CNITPAD_obj>545577291.042100000</Action_From_CNITPAD_obj><Action_To_CNITPAD_obj>545577317.042100000</Action_To_CNITPAD_obj><From_CNITPAD_obj>545577291.042100000</From_CNITPAD_obj><To_CNITPAD_obj>545577317.042100000</To_CNITPAD_obj><Planning_Date>2014-10-10</Planning_Date><Planning_Time>110000</Planning_Time><Instruction_Date>2014-10-10</Instruction_Date><Instruction_Time>142944</Instruction_Time><Execution_Date>2014-10-10</Execution_Date><Execution_Time>110000</Execution_Time><From_QPAR_obj>366159.802100000</From_QPAR_obj><To_QPAR_obj>100498307.902100000</To_QPAR_obj><Original_Cargo_obj>532327208.042100000</Original_Cargo_obj><Intermodal_Cargo_obj>545564897.042100000</Intermodal_Cargo_obj><Original_CNI_obj>532316981.042100000</Original_CNI_obj><Intermodal_CNI_obj>545564867.042100000</Intermodal_CNI_obj><Original_Owning_Obj>545564979.042100000</Original_Owning_Obj><Intermodal_Owning_Obj>545577283.042100000</Intermodal_Owning_Obj><Intermodal_FINAC_Analytic_Code>147008391</Intermodal_FINAC_Analytic_Code><Intermodal_Consignment_Number>51760.00</Intermodal_Consignment_Number><Intermodal_Cargo_Number>CMAU 179983-2</Intermodal_Cargo_Number><Truck_Truck_Obj>262689630.042100000</Truck_Truck_Obj><Trailer_Truck_Obj>420655476.042100000</Trailer_Truck_Obj><property_internal/><AFSPRAAK/><QTP2_Obj>224912.902100000</QTP2_Obj><QTP3_Obj>224942.902100000</QTP3_Obj><QTP4_Obj>14926471.902100000</QTP4_Obj><QTP5_Obj>3740975.902100000</QTP5_Obj><QTP0_Obj>17517645.902100000</QTP0_Obj><TPE_NAD_Obj>14586974.042100000</TPE_NAD_Obj><TPI_NAD_Obj>14586974.042100000</TPI_NAD_Obj><TPI_CTA_Obj>407010416.042100000</TPI_CTA_Obj><CMR_Body_Layout_Obj>15472943.042100000</CMR_Body_Layout_Obj><Intermodal_Cus_NAD_Obj>0.000000000</Intermodal_Cus_NAD_Obj><Intermodal_Customer>TCL</Intermodal_Customer><Original_Customer>EUROPEAN OWENS CORNING FIBERGLAS</Original_Customer><Original_Cus_NAD_Obj>0.000000000</Original_Cus_NAD_Obj><Int_CNI_Description>TCL3 - Antwerpen - Original Consignment Number: 114915</Int_CNI_Description><Int_Reporting_Period>201410</Int_Reporting_Period><QMOT_obj>0.000000000</QMOT_obj><Truck_Type_obj>19565978.902100000</Truck_Type_obj><Trailer_Type_obj>0.000000000</Trailer_Type_obj><Truck_Licence_Plate>1-DTX-950</Truck_Licence_Plate><Trailer_Licence_Plate>1-QCW-878</Trailer_Licence_Plate><Original_File_Number>141004813</Original_File_Number><Intermodal_File_Number/><Transporteur>TRANSPORT TH WOUTERS</Transporteur><Pickup_name>KAAI 1700</Pickup_name><Action_From>KAAI 1700</Action_From><Action_To>TCL3</Action_To><CNITP_Type>ROAD</CNITP_Type><Action_From_QPAR>PICKUP</Action_From_QPAR><Action_To_QPAR>CUNLOA</Action_To_QPAR><Action_From_Location>Kallo</Action_From_Location><Action_To_Location>Antwerpen</Action_To_Location><Truck_Fleet_Number>131</Truck_Fleet_Number><plan_type>Action</plan_type><Direction>I</Direction><Action_From_Alias>KAAI 1700</Action_From_Alias><Action_To_Alias>TCL3</Action_To_Alias><Action_From_Location_AL>Kallo</Action_From_Location_AL><Action_To_Location_AL>Antwerpen</Action_To_Location_AL><Trailer_Fleet_Number>CH131</Trailer_Fleet_Number><Loaded_date xsi:nil="true"/><Unloaded_date>2014-10-13</Unloaded_date><Unloading_date xsi:nil="true"/><Turned_In_date xsi:nil="true"/><Turnin_date xsi:nil="true"/><Picked_up_date xsi:nil="true"/><Pickup_date xsi:nil="true"/><Detention_date>2014-09-26</Detention_date><Demurrage_date xsi:nil="true"/><Free_until_date>2014-09-25</Free_until_date><Pickup_location>Kallo</Pickup_location><Turnin_location>Antwerpen</Turnin_location><Loading_facility_location/><Unloading_facility_location>Antwerpen</Unloading_facility_location><Unloading_facility_location_2/><Loading_facility_location_2/><Customs_formalities_location/><Turnin_name>TTW</Turnin_name><Loading_facility_name/><Unloading_facility_name>TCL3</Unloading_facility_name><Loading_facility_name_2/><Unloading_facility_name_2/><Customs_formalities_name/><Pickup_PC>9130</Pickup_PC><Turnin_PC>2030</Turnin_PC><Loading_facility_PC/><Loading_facility_PC_2/><Unloading_facility_PC_2/><Unloading_facility_PC>2030</Unloading_facility_PC><Customs_formalities_PC/><Fictive_unloaded_date>2014-10-10</Fictive_unloaded_date><Pickup_reference>1401651493</Pickup_reference><Turnin_reference/><Avail_after_customs_ref>VRIJ GOED</Avail_after_customs_ref><Loading_reference/><Unloading_reference/><Party_reference/><Loading_date xsi:nil="true"/><Date_Updated>true</Date_Updated><CNIHN_avail>false</CNIHN_avail><closing_date xsi:nil="true"/><closing_date_ams xsi:nil="true"/><Container_size_code>20</Container_size_code><QTP1_type_1_code>I</QTP1_type_1_code><Loading_Time/><Unloading_Time/><Target_mngr_ORGUS_Obj>43677815.042100000</Target_mngr_ORGUS_Obj><Offhire>false</Offhire><Action_From_Name2>DP WORLD</Action_From_Name2><Action_From_Country>BE</Action_From_Country><Action_From_Street>DEURGANCKDOK</Action_From_Street><Action_From_Street2>ANTWERP GATEWAY</Action_From_Street2><Action_To_Name2/><Action_To_Country>BE</Action_To_Country><Action_To_Street>TCL3</Action_To_Street><Action_To_Street2/><Container_leeg>true</Container_leeg><Container_wedergebruik>false</Container_wedergebruik><Container_wachtzone>false</Container_wachtzone><Container_fumigatie>false</Container_fumigatie><Booking_reference/><Container_T1>false</Container_T1><Action_From_PC>9130</Action_From_PC><Action_To_PC>2030</Action_To_PC><Date_active>2014-10-10</Date_active><Container_height>8,6 feet</Container_height><Original_CNITP_Obj>532607175.042100000</Original_CNITP_Obj><ttplanningdet><DATCRE xsi:nil="true"/><TIMECRE>0</TIMECRE><USERCRE/><DATWYZ>2014-10-10</DATWYZ><TIMEWYZ>58597</TIMEWYZ><USERWYZ/><FIRMANR>1</FIRMANR><ORDNR>0.00</ORDNR><ORDVOLGNR>0</ORDVOLGNR><ORDSOORT>0</ORDSOORT><ORDSUBSOORT>0</ORDSUBSOORT><VOLGNR>1</VOLGNR><RESOURCE>262689630,0421</RESOURCE><DATPLAN>2014-10-10</DATPLAN><TIMEPLANVAN>110000</TIMEPLANVAN><TIMEPLANTOT>130000</TIMEPLANTOT><SOORT>0</SOORT><STATUSNAV/><STATUSCODE>PROC</STATUSCODE><RESOURCETYPE/><ORGCY_Obj>0.00</ORGCY_Obj><Plan_Sequence_Number>92902</Plan_Sequence_Number><Intermodal_Cargo_obj>545564897.042100000</Intermodal_Cargo_obj><Intermodal_Owning_obj>545577283.042100000</Intermodal_Owning_obj><Action_From>KAAI 1700</Action_From><Action_To>TCL3</Action_To><STATUS2>Voltooid</STATUS2><Intermodal_Cargo_Number>CMAU 179983-2</Intermodal_Cargo_Number><Action_From_Location>Kallo</Action_From_Location><Action_To_Location>Antwerpen</Action_To_Location><OMSCHR1/><PRIOR/></ttplanningdet></ttplanning><ttplanning><DATCRE>2014-10-10</DATCRE><TIMECRE>0</TIMECRE><USERCRE/><DATWYZ>2014-10-13</DATWYZ><TIMEWYZ>57957</TIMEWYZ><USERWYZ/><FIRMANR>5</FIRMANR><SOORT>0</SOORT><ORDNR>0.0</ORDNR><ORDVOLGNR>0</ORDVOLGNR><ORDSOORT>0</ORDSOORT><ORDSUBSOORT>0</ORDSUBSOORT><STATUSCODE>PROC</STATUSCODE><ACTIVITEIT>Doktransport</ACTIVITEIT><DATREQ xsi:nil="true"/><TIMEREQ/><OMSCHR1>TCL3 - Antwerpen - Original Consignment Number: 114915</OMSCHR1><OMSCHR2>cma stock</OMSCHR2><OMSCHR3/><ADRESNR>0.0</ADRESNR><VOLGNR>2</VOLGNR><IDENTNR>0</IDENTNR><PRIOR/><OMSCHRPRIOR/><KDSTOCK/><DATREQTOT xsi:nil="true"/><TIMEREQTOT/><DUUR>0</DUUR><OMSCHR4/><NAAM/><ADRES>Antwerpen</ADRES><STAD/><TELEFOON/><TELEFOON2/><BTWNR/><POSTNR/><LAND/><KDKATEG1>0</KDKATEG1><FACTUURADRESNR>0.0</FACTUURADRESNR><FACTUURNAAM/><DEPOT/><WAGEN/><ROUTENR>0</ROUTENR><DATOPT xsi:nil="true"/><DATOPTTOT xsi:nil="true"/><TIMEOPT/><TIMEOPTTOT/><WAGENGEVRAAGD/><CHAUFFEUR/><NUMMERPLAAT/><STATUS2>Voltooid</STATUS2><WERF/><WERF2/><WERFADRESNR>0.0</WERFADRESNR><WERFSTRAAT/><WERFLAND/><WERFPOST/><WERFSTAD/><WERFTELEFO/><WERFTELEFO-2/><LAADADRESNR>0.0</LAADADRESNR><Container_type>General Purpose without ventilation</Container_type><Zegel>B4848785</Zegel><LAADSTRAAT/><LAADLAND/><LAADPOST/><LAADSTAD/><Original_ORGCY_Obj>14490001.042100000</Original_ORGCY_Obj><Intermodal_ORGCY_Obj>14416050.922100000</Intermodal_ORGCY_Obj><Original_QSTS_Obj>17531435.902100000</Original_QSTS_Obj><Plan_Sequence_Number>92903</Plan_Sequence_Number><QTP1_Obj>224848.902100000</QTP1_Obj><Original_ORGAC_Obj>14529037.042100000</Original_ORGAC_Obj><Intermodal_ORGAC_Obj>14529064.042100000</Intermodal_ORGAC_Obj><Original_FINAC_Obj>532316975.042100000</Original_FINAC_Obj><Intermodal_FINAC_Obj>545564854.042100000</Intermodal_FINAC_Obj><Original_Consignment_Number>114915.00</Original_Consignment_Number><Original_Cargo_Number>CMAU 179983-2</Original_Cargo_Number><Original_FINAC_Analytic_Code>141004813</Original_FINAC_Analytic_Code><Action_From_CNITPAD_obj>546040154.042100000</Action_From_CNITPAD_obj><Action_To_CNITPAD_obj>546040236.042100000</Action_To_CNITPAD_obj><From_CNITPAD_obj>546040154.042100000</From_CNITPAD_obj><To_CNITPAD_obj>546040236.042100000</To_CNITPAD_obj><Planning_Date>2014-10-10</Planning_Date><Planning_Time>100000</Planning_Time><Instruction_Date>2014-10-10</Instruction_Date><Instruction_Time>142944</Instruction_Time><Execution_Date>2014-10-10</Execution_Date><Execution_Time>100000</Execution_Time><From_QPAR_obj>100498307.902100000</From_QPAR_obj><To_QPAR_obj>366168.802100000</To_QPAR_obj><Original_Cargo_obj>532327208.042100000</Original_Cargo_obj><Intermodal_Cargo_obj>545564897.042100000</Intermodal_Cargo_obj><Original_CNI_obj>532316981.042100000</Original_CNI_obj><Intermodal_CNI_obj>545564867.042100000</Intermodal_CNI_obj><Original_Owning_Obj>545564979.042100000</Original_Owning_Obj><Intermodal_Owning_Obj>546040146.042100000</Intermodal_Owning_Obj><Intermodal_FINAC_Analytic_Code>147008391</Intermodal_FINAC_Analytic_Code><Intermodal_Consignment_Number>51760.00</Intermodal_Consignment_Number><Intermodal_Cargo_Number>CMAU 179983-2</Intermodal_Cargo_Number><Truck_Truck_Obj>70827933.042100000</Truck_Truck_Obj><Trailer_Truck_Obj>0.000000000</Trailer_Truck_Obj><property_internal/><AFSPRAAK/><QTP2_Obj>224912.902100000</QTP2_Obj><QTP3_Obj>224942.902100000</QTP3_Obj><QTP4_Obj>14926471.902100000</QTP4_Obj><QTP5_Obj>3740975.902100000</QTP5_Obj><QTP0_Obj>17517645.902100000</QTP0_Obj><TPE_NAD_Obj>14586974.042100000</TPE_NAD_Obj><TPI_NAD_Obj>14586974.042100000</TPI_NAD_Obj><TPI_CTA_Obj>0.000000000</TPI_CTA_Obj><CMR_Body_Layout_Obj>15472943.042100000</CMR_Body_Layout_Obj><Intermodal_Cus_NAD_Obj>0.000000000</Intermodal_Cus_NAD_Obj><Intermodal_Customer>TCL</Intermodal_Customer><Original_Customer>EUROPEAN OWENS CORNING FIBERGLAS</Original_Customer><Original_Cus_NAD_Obj>0.000000000</Original_Cus_NAD_Obj><Int_CNI_Description>TCL3 - Antwerpen - Original Consignment Number: 114915</Int_CNI_Description><Int_Reporting_Period>201410</Int_Reporting_Period><QMOT_obj>0.000000000</QMOT_obj><Truck_Type_obj>19565978.902100000</Truck_Type_obj><Trailer_Type_obj>0.000000000</Trailer_Type_obj><Truck_Licence_Plate/><Trailer_Licence_Plate/><Original_File_Number>141004813</Original_File_Number><Intermodal_File_Number/><Transporteur>TRANSPORT TH WOUTERS</Transporteur><Pickup_name>KAAI 1700</Pickup_name><Action_From>TCL3</Action_From><Action_To>TRANSPORT TH WOUTERS</Action_To><CNITP_Type>ROAD</CNITP_Type><Action_From_QPAR>CUNLOA</Action_From_QPAR><Action_To_QPAR>TURNIN</Action_To_QPAR><Action_From_Location>Antwerpen</Action_From_Location><Action_To_Location>Antwerpen</Action_To_Location><Truck_Fleet_Number>TCL</Truck_Fleet_Number><plan_type>Action</plan_type><Direction>I</Direction><Action_From_Alias>TCL3</Action_From_Alias><Action_To_Alias>TTW</Action_To_Alias><Action_From_Location_AL>Antwerpen</Action_From_Location_AL><Action_To_Location_AL>Antwerpen</Action_To_Location_AL><Trailer_Fleet_Number/><Loaded_date xsi:nil="true"/><Unloaded_date>2014-10-13</Unloaded_date><Unloading_date xsi:nil="true"/><Turned_In_date xsi:nil="true"/><Turnin_date xsi:nil="true"/><Picked_up_date xsi:nil="true"/><Pickup_date xsi:nil="true"/><Detention_date>2014-09-26</Detention_date><Demurrage_date xsi:nil="true"/><Free_until_date xsi:nil="true"/><Pickup_location>Kallo</Pickup_location><Turnin_location>Antwerpen</Turnin_location><Loading_facility_location/><Unloading_facility_location>Antwerpen</Unloading_facility_location><Unloading_facility_location_2/><Loading_facility_location_2/><Customs_formalities_location/><Turnin_name>TTW</Turnin_name><Loading_facility_name/><Unloading_facility_name>TCL3</Unloading_facility_name><Loading_facility_name_2/><Unloading_facility_name_2/><Customs_formalities_name/><Pickup_PC>9130</Pickup_PC><Turnin_PC>2030</Turnin_PC><Loading_facility_PC/><Loading_facility_PC_2/><Unloading_facility_PC_2/><Unloading_facility_PC>2030</Unloading_facility_PC><Customs_formalities_PC/><Fictive_unloaded_date>2014-10-10</Fictive_unloaded_date><Pickup_reference/><Turnin_reference>CMA STOCK</Turnin_reference><Avail_after_customs_ref/><Loading_reference/><Unloading_reference/><Party_reference/><Loading_date xsi:nil="true"/><Date_Updated>false</Date_Updated><CNIHN_avail>false</CNIHN_avail><closing_date xsi:nil="true"/><closing_date_ams xsi:nil="true"/><Container_size_code>20</Container_size_code><QTP1_type_1_code>I</QTP1_type_1_code><Loading_Time/><Unloading_Time/><Target_mngr_ORGUS_Obj>43677815.042100000</Target_mngr_ORGUS_Obj><Offhire>false</Offhire><Action_From_Name2/><Action_From_Country>BE</Action_From_Country><Action_From_Street>TCL3</Action_From_Street><Action_From_Street2/><Action_To_Name2/><Action_To_Country>BE</Action_To_Country><Action_To_Street>KLEIN ZUIDLAND 4</Action_To_Street><Action_To_Street2/><Container_leeg>true</Container_leeg><Container_wedergebruik>false</Container_wedergebruik><Container_wachtzone>false</Container_wachtzone><Container_fumigatie>false</Container_fumigatie><Booking_reference/><Container_T1>false</Container_T1><Action_From_PC>2030</Action_From_PC><Action_To_PC>2030</Action_To_PC><Date_active>2014-10-10</Date_active><Container_height>8,6 feet</Container_height><Original_CNITP_Obj>532607175.042100000</Original_CNITP_Obj><ttplanningdet><DATCRE xsi:nil="true"/><TIMECRE>0</TIMECRE><USERCRE/><DATWYZ>2014-10-13</DATWYZ><TIMEWYZ>41162</TIMEWYZ><USERWYZ/><FIRMANR>1</FIRMANR><ORDNR>0.00</ORDNR><ORDVOLGNR>0</ORDVOLGNR><ORDSOORT>0</ORDSOORT><ORDSUBSOORT>0</ORDSUBSOORT><VOLGNR>1</VOLGNR><RESOURCE>70827933,0421</RESOURCE><DATPLAN>2014-10-10</DATPLAN><TIMEPLANVAN>100000</TIMEPLANVAN><TIMEPLANTOT>120000</TIMEPLANTOT><SOORT>0</SOORT><STATUSNAV/><STATUSCODE>PROC</STATUSCODE><RESOURCETYPE/><ORGCY_Obj>0.00</ORGCY_Obj><Plan_Sequence_Number>92903</Plan_Sequence_Number><Intermodal_Cargo_obj>545564897.042100000</Intermodal_Cargo_obj><Intermodal_Owning_obj>546040146.042100000</Intermodal_Owning_obj><Action_From>TCL3</Action_From><Action_To>TRANSPORT TH WOUTERS</Action_To><STATUS2>Voltooid</STATUS2><Intermodal_Cargo_Number>CMAU 179983-2</Intermodal_Cargo_Number><Action_From_Location>Antwerpen</Action_From_Location><Action_To_Location>Antwerpen</Action_To_Location><OMSCHR1/><PRIOR/></ttplanningdet></ttplanning><ttplanning><DATCRE>2014-10-10</DATCRE><TIMECRE>0</TIMECRE><USERCRE/><DATWYZ>2014-10-17</DATWYZ><TIMEWYZ>56418</TIMEWYZ><USERWYZ/><FIRMANR>5</FIRMANR><SOORT>0</SOORT><ORDNR>0.0</ORDNR><ORDVOLGNR>0</ORDVOLGNR><ORDSOORT>0</ORDSOORT><ORDSUBSOORT>0</ORDSUBSOORT><STATUSCODE>PROC</STATUSCODE><ACTIVITEIT>Doktransport</ACTIVITEIT><DATREQ xsi:nil="true"/><TIMEREQ/><OMSCHR1>TCL3 - Antwerpen - Original Consignment Number: 114915</OMSCHR1><OMSCHR2/><OMSCHR3/><ADRESNR>0.0</ADRESNR><VOLGNR>4</VOLGNR><IDENTNR>0</IDENTNR><PRIOR>3</PRIOR><OMSCHRPRIOR/><KDSTOCK/><DATREQTOT xsi:nil="true"/><TIMEREQTOT/><DUUR>0</DUUR><OMSCHR4/><NAAM/><ADRES>Antwerpen</ADRES><STAD/><TELEFOON/><TELEFOON2/><BTWNR/><POSTNR/><LAND/><KDKATEG1>0</KDKATEG1><FACTUURADRESNR>0.0</FACTUURADRESNR><FACTUURNAAM/><DEPOT/><WAGEN/><ROUTENR>0</ROUTENR><DATOPT xsi:nil="true"/><DATOPTTOT xsi:nil="true"/><TIMEOPT/><TIMEOPTTOT/><WAGENGEVRAAGD/><CHAUFFEUR/><NUMMERPLAAT/><STATUS2>Voltooid</STATUS2><WERF/><WERF2/><WERFADRESNR>0.0</WERFADRESNR><WERFSTRAAT/><WERFLAND/><WERFPOST/><WERFSTAD/><WERFTELEFO/><WERFTELEFO-2/><LAADADRESNR>0.0</LAADADRESNR><Container_type>General Purpose without ventilation</Container_type><Zegel>B4848787</Zegel><LAADSTRAAT/><LAADLAND/><LAADPOST/><LAADSTAD/><Original_ORGCY_Obj>14490001.042100000</Original_ORGCY_Obj><Intermodal_ORGCY_Obj>14416050.922100000</Intermodal_ORGCY_Obj><Original_QSTS_Obj>17531435.902100000</Original_QSTS_Obj><Plan_Sequence_Number>92904</Plan_Sequence_Number><QTP1_Obj>224848.902100000</QTP1_Obj><Original_ORGAC_Obj>14529037.042100000</Original_ORGAC_Obj><Intermodal_ORGAC_Obj>14529064.042100000</Intermodal_ORGAC_Obj><Original_FINAC_Obj>532316975.042100000</Original_FINAC_Obj><Intermodal_FINAC_Obj>545564854.042100000</Intermodal_FINAC_Obj><Original_Consignment_Number>114915.00</Original_Consignment_Number><Original_Cargo_Number>ECMU 139828-3</Original_Cargo_Number><Original_FINAC_Analytic_Code>141004813</Original_FINAC_Analytic_Code><Action_From_CNITPAD_obj>545736475.042100000</Action_From_CNITPAD_obj><Action_To_CNITPAD_obj>545736501.042100000</Action_To_CNITPAD_obj><From_CNITPAD_obj>545736475.042100000</From_CNITPAD_obj><To_CNITPAD_obj>545736501.042100000</To_CNITPAD_obj><Planning_Date>2014-10-13</Planning_Date><Planning_Time>060000</Planning_Time><Instruction_Date>2014-10-10</Instruction_Date><Instruction_Time>142944</Instruction_Time><Execution_Date xsi:nil="true"/><Execution_Time/><From_QPAR_obj>366159.802100000</From_QPAR_obj><To_QPAR_obj>100498307.902100000</To_QPAR_obj><Original_Cargo_obj>532327209.042100000</Original_Cargo_obj><Intermodal_Cargo_obj>545565032.042100000</Intermodal_Cargo_obj><Original_CNI_obj>532316981.042100000</Original_CNI_obj><Intermodal_CNI_obj>545564867.042100000</Intermodal_CNI_obj><Original_Owning_Obj>545736467.042100000</Original_Owning_Obj><Intermodal_Owning_Obj>545736467.042100000</Intermodal_Owning_Obj><Intermodal_FINAC_Analytic_Code>147008391</Intermodal_FINAC_Analytic_Code><Intermodal_Consignment_Number>51760.00</Intermodal_Consignment_Number><Intermodal_Cargo_Number>ECMU 139828-3</Intermodal_Cargo_Number><Truck_Truck_Obj>407070632.042100000</Truck_Truck_Obj><Trailer_Truck_Obj>0.000000000</Trailer_Truck_Obj><property_internal/><AFSPRAAK/><QTP2_Obj>224912.902100000</QTP2_Obj><QTP3_Obj>224942.902100000</QTP3_Obj><QTP4_Obj>14926471.902100000</QTP4_Obj><QTP5_Obj>3740975.902100000</QTP5_Obj><QTP0_Obj>17517645.902100000</QTP0_Obj><TPE_NAD_Obj>14586974.042100000</TPE_NAD_Obj><TPI_NAD_Obj>19779132.042100000</TPI_NAD_Obj><TPI_CTA_Obj>0.000000000</TPI_CTA_Obj><CMR_Body_Layout_Obj>15472943.042100000</CMR_Body_Layout_Obj><Intermodal_Cus_NAD_Obj>0.000000000</Intermodal_Cus_NAD_Obj><Intermodal_Customer>TCL</Intermodal_Customer><Original_Customer>EUROPEAN OWENS CORNING FIBERGLAS</Original_Customer><Original_Cus_NAD_Obj>0.000000000</Original_Cus_NAD_Obj><Int_CNI_Description>TCL3 - Antwerpen - Original Consignment Number: 114915</Int_CNI_Description><Int_Reporting_Period>201410</Int_Reporting_Period><QMOT_obj>0.000000000</QMOT_obj><Truck_Type_obj>19565978.902100000</Truck_Type_obj><Trailer_Type_obj>0.000000000</Trailer_Type_obj><Truck_Licence_Plate>ESKATRANS01</Truck_Licence_Plate><Trailer_Licence_Plate/><Original_File_Number>141004813</Original_File_Number><Intermodal_File_Number/><Transporteur>ESKATRANS BVBA</Transporteur><Pickup_name>KAAI 1700</Pickup_name><Action_From>KAAI 1700</Action_From><Action_To>TCL3</Action_To><CNITP_Type>ROAD</CNITP_Type><Action_From_QPAR>PICKUP</Action_From_QPAR><Action_To_QPAR>CUNLOA</Action_To_QPAR><Action_From_Location>Kallo</Action_From_Location><Action_To_Location>Antwerpen</Action_To_Location><Truck_Fleet_Number>ESKATRANS01</Truck_Fleet_Number><plan_type>Action</plan_type><Direction>I</Direction><Action_From_Alias>KAAI 1700</Action_From_Alias><Action_To_Alias>TCL3</Action_To_Alias><Action_From_Location_AL>Kallo</Action_From_Location_AL><Action_To_Location_AL>Antwerpen</Action_To_Location_AL><Trailer_Fleet_Number/><Loaded_date xsi:nil="true"/><Unloaded_date>2014-10-17</Unloaded_date><Unloading_date xsi:nil="true"/><Turned_In_date xsi:nil="true"/><Turnin_date xsi:nil="true"/><Picked_up_date xsi:nil="true"/><Pickup_date xsi:nil="true"/><Detention_date>2014-09-26</Detention_date><Demurrage_date xsi:nil="true"/><Free_until_date>2014-09-25</Free_until_date><Pickup_location>Kallo</Pickup_location><Turnin_location>Antwerpen</Turnin_location><Loading_facility_location/><Unloading_facility_location>Antwerpen</Unloading_facility_location><Unloading_facility_location_2/><Loading_facility_location_2/><Customs_formalities_location/><Turnin_name>TTW</Turnin_name><Loading_facility_name/><Unloading_facility_name>TCL3</Unloading_facility_name><Loading_facility_name_2/><Unloading_facility_name_2/><Customs_formalities_name/><Pickup_PC>9130</Pickup_PC><Turnin_PC>2030</Turnin_PC><Loading_facility_PC/><Loading_facility_PC_2/><Unloading_facility_PC_2/><Unloading_facility_PC>2030</Unloading_facility_PC><Customs_formalities_PC/><Fictive_unloaded_date>2014-10-13</Fictive_unloaded_date><Pickup_reference>1401651494</Pickup_reference><Turnin_reference/><Avail_after_customs_ref>VRIJ GOED</Avail_after_customs_ref><Loading_reference/><Unloading_reference/><Party_reference/><Loading_date xsi:nil="true"/><Date_Updated>true</Date_Updated><CNIHN_avail>false</CNIHN_avail><closing_date xsi:nil="true"/><closing_date_ams xsi:nil="true"/><Container_size_code>20</Container_size_code><QTP1_type_1_code>I</QTP1_type_1_code><Loading_Time/><Unloading_Time/><Target_mngr_ORGUS_Obj>43677815.042100000</Target_mngr_ORGUS_Obj><Offhire>false</Offhire><Action_From_Name2>DP WORLD</Action_From_Name2><Action_From_Country>BE</Action_From_Country><Action_From_Street>DEURGANCKDOK</Action_From_Street><Action_From_Street2>ANTWERP GATEWAY</Action_From_Street2><Action_To_Name2/><Action_To_Country>BE</Action_To_Country><Action_To_Street>TCL3</Action_To_Street><Action_To_Street2/><Container_leeg>true</Container_leeg><Container_wedergebruik>false</Container_wedergebruik><Container_wachtzone>false</Container_wachtzone><Container_fumigatie>false</Container_fumigatie><Booking_reference/><Container_T1>false</Container_T1><Action_From_PC>9130</Action_From_PC><Action_To_PC>2030</Action_To_PC><Date_active>2014-10-13</Date_active><Container_height>8,6 feet</Container_height><Original_CNITP_Obj>532607175.042100000</Original_CNITP_Obj><ttplanningdet><DATCRE xsi:nil="true"/><TIMECRE>0</TIMECRE><USERCRE/><DATWYZ>2014-10-13</DATWYZ><TIMEWYZ>57956</TIMEWYZ><USERWYZ/><FIRMANR>1</FIRMANR><ORDNR>0.00</ORDNR><ORDVOLGNR>0</ORDVOLGNR><ORDSOORT>0</ORDSOORT><ORDSUBSOORT>0</ORDSUBSOORT><VOLGNR>1</VOLGNR><RESOURCE>407070632,0421</RESOURCE><DATPLAN>2014-10-13</DATPLAN><TIMEPLANVAN>060000</TIMEPLANVAN><TIMEPLANTOT>080000</TIMEPLANTOT><SOORT>0</SOORT><STATUSNAV/><STATUSCODE>PROC</STATUSCODE><RESOURCETYPE/><ORGCY_Obj>0.00</ORGCY_Obj><Plan_Sequence_Number>92904</Plan_Sequence_Number><Intermodal_Cargo_obj>545565032.042100000</Intermodal_Cargo_obj><Intermodal_Owning_obj>545736467.042100000</Intermodal_Owning_obj><Action_From>KAAI 1700</Action_From><Action_To>TCL3</Action_To><STATUS2>Voltooid</STATUS2><Intermodal_Cargo_Number>ECMU 139828-3</Intermodal_Cargo_Number><Action_From_Location>Kallo</Action_From_Location><Action_To_Location>Antwerpen</Action_To_Location><OMSCHR1/><PRIOR/></ttplanningdet></ttplanning><ttplanning><DATCRE>2014-10-10</DATCRE><TIMECRE>0</TIMECRE><USERCRE/><DATWYZ>2014-10-17</DATWYZ><TIMEWYZ>56418</TIMEWYZ><USERWYZ/><FIRMANR>5</FIRMANR><SOORT>0</SOORT><ORDNR>0.0</ORDNR><ORDVOLGNR>0</ORDVOLGNR><ORDSOORT>0</ORDSOORT><ORDSUBSOORT>0</ORDSUBSOORT><STATUSCODE>ACC</STATUSCODE><ACTIVITEIT>Doktransport</ACTIVITEIT><DATREQ xsi:nil="true"/><TIMEREQ/><OMSCHR1>TCL3 - Antwerpen - Original Consignment Number: 114915</OMSCHR1><OMSCHR2>cma stock</OMSCHR2><OMSCHR3/><ADRESNR>0.0</ADRESNR><VOLGNR>5</VOLGNR><IDENTNR>0</IDENTNR><PRIOR/><OMSCHRPRIOR/><KDSTOCK/><DATREQTOT xsi:nil="true"/><TIMEREQTOT/><DUUR>0</DUUR><OMSCHR4/><NAAM/><ADRES>Antwerpen</ADRES><STAD/><TELEFOON/><TELEFOON2/><BTWNR/><POSTNR/><LAND/><KDKATEG1>0</KDKATEG1><FACTUURADRESNR>0.0</FACTUURADRESNR><FACTUURNAAM/><DEPOT/><WAGEN/><ROUTENR>0</ROUTENR><DATOPT xsi:nil="true"/><DATOPTTOT xsi:nil="true"/><TIMEOPT/><TIMEOPTTOT/><WAGENGEVRAAGD/><CHAUFFEUR/><NUMMERPLAAT/><STATUS2>Gelost</STATUS2><WERF/><WERF2/><WERFADRESNR>0.0</WERFADRESNR><WERFSTRAAT/><WERFLAND/><WERFPOST/><WERFSTAD/><WERFTELEFO/><WERFTELEFO-2/><LAADADRESNR>0.0</LAADADRESNR><Container_type>General Purpose without ventilation</Container_type><Zegel>B4848787</Zegel><LAADSTRAAT/><LAADLAND/><LAADPOST/><LAADSTAD/><Original_ORGCY_Obj>14490001.042100000</Original_ORGCY_Obj><Intermodal_ORGCY_Obj>14416050.922100000</Intermodal_ORGCY_Obj><Original_QSTS_Obj>17531405.902100000</Original_QSTS_Obj><Plan_Sequence_Number>92905</Plan_Sequence_Number><QTP1_Obj>224848.902100000</QTP1_Obj><Original_ORGAC_Obj>14529037.042100000</Original_ORGAC_Obj><Intermodal_ORGAC_Obj>14529064.042100000</Intermodal_ORGAC_Obj><Original_FINAC_Obj>532316975.042100000</Original_FINAC_Obj><Intermodal_FINAC_Obj>545564854.042100000</Intermodal_FINAC_Obj><Original_Consignment_Number>114915.00</Original_Consignment_Number><Original_Cargo_Number>ECMU 139828-3</Original_Cargo_Number><Original_FINAC_Analytic_Code>141004813</Original_FINAC_Analytic_Code><Action_From_CNITPAD_obj>545565000.042100000</Action_From_CNITPAD_obj><Action_To_CNITPAD_obj>545565026.042100000</Action_To_CNITPAD_obj><From_CNITPAD_obj>545565000.042100000</From_CNITPAD_obj><To_CNITPAD_obj>545565026.042100000</To_CNITPAD_obj><Planning_Date xsi:nil="true"/><Planning_Time/><Instruction_Date>2014-10-10</Instruction_Date><Instruction_Time>142944</Instruction_Time><Execution_Date xsi:nil="true"/><Execution_Time/><From_QPAR_obj>100498307.902100000</From_QPAR_obj><To_QPAR_obj>366168.802100000</To_QPAR_obj><Original_Cargo_obj>532327209.042100000</Original_Cargo_obj><Intermodal_Cargo_obj>545565032.042100000</Intermodal_Cargo_obj><Original_CNI_obj>532316981.042100000</Original_CNI_obj><Intermodal_CNI_obj>545564867.042100000</Intermodal_CNI_obj><Original_Owning_Obj>545564979.042100000</Original_Owning_Obj><Intermodal_Owning_Obj>545564979.042100000</Intermodal_Owning_Obj><Intermodal_FINAC_Analytic_Code>147008391</Intermodal_FINAC_Analytic_Code><Intermodal_Consignment_Number>51760.00</Intermodal_Consignment_Number><Intermodal_Cargo_Number>ECMU 139828-3</Intermodal_Cargo_Number><Truck_Truck_Obj>0.000000000</Truck_Truck_Obj><Trailer_Truck_Obj>0.000000000</Trailer_Truck_Obj><property_internal/><AFSPRAAK/><QTP2_Obj>224912.902100000</QTP2_Obj><QTP3_Obj>224942.902100000</QTP3_Obj><QTP4_Obj>14926471.902100000</QTP4_Obj><QTP5_Obj>3740975.902100000</QTP5_Obj><QTP0_Obj>17517645.902100000</QTP0_Obj><TPE_NAD_Obj>14586974.042100000</TPE_NAD_Obj><TPI_NAD_Obj>14586974.042100000</TPI_NAD_Obj><TPI_CTA_Obj>0.000000000</TPI_CTA_Obj><CMR_Body_Layout_Obj>0.000000000</CMR_Body_Layout_Obj><Intermodal_Cus_NAD_Obj>0.000000000</Intermodal_Cus_NAD_Obj><Intermodal_Customer>TCL</Intermodal_Customer><Original_Customer>EUROPEAN OWENS CORNING FIBERGLAS</Original_Customer><Original_Cus_NAD_Obj>0.000000000</Original_Cus_NAD_Obj><Int_CNI_Description>TCL3 - Antwerpen - Original Consignment Number: 114915</Int_CNI_Description><Int_Reporting_Period>201410</Int_Reporting_Period><QMOT_obj>0.000000000</QMOT_obj><Truck_Type_obj>0.000000000</Truck_Type_obj><Trailer_Type_obj>0.000000000</Trailer_Type_obj><Truck_Licence_Plate/><Trailer_Licence_Plate/><Original_File_Number>141004813</Original_File_Number><Intermodal_File_Number/><Transporteur/><Pickup_name>KAAI 1700</Pickup_name><Action_From>TCL3</Action_From><Action_To>TRANSPORT TH WOUTERS</Action_To><CNITP_Type>ROAD</CNITP_Type><Action_From_QPAR>CUNLOA</Action_From_QPAR><Action_To_QPAR>TURNIN</Action_To_QPAR><Action_From_Location>Antwerpen</Action_From_Location><Action_To_Location>Antwerpen</Action_To_Location><Truck_Fleet_Number/><plan_type/><Direction>I</Direction><Action_From_Alias>TCL3</Action_From_Alias><Action_To_Alias>TTW</Action_To_Alias><Action_From_Location_AL>Antwerpen</Action_From_Location_AL><Action_To_Location_AL>Antwerpen</Action_To_Location_AL><Trailer_Fleet_Number/><Loaded_date xsi:nil="true"/><Unloaded_date>2014-10-17</Unloaded_date><Unloading_date xsi:nil="true"/><Turned_In_date xsi:nil="true"/><Turnin_date xsi:nil="true"/><Picked_up_date xsi:nil="true"/><Pickup_date xsi:nil="true"/><Detention_date>2014-09-26</Detention_date><Demurrage_date xsi:nil="true"/><Free_until_date xsi:nil="true"/><Pickup_location>Kallo</Pickup_location><Turnin_location>Antwerpen</Turnin_location><Loading_facility_location/><Unloading_facility_location>Antwerpen</Unloading_facility_location><Unloading_facility_location_2/><Loading_facility_location_2/><Customs_formalities_location/><Turnin_name>TTW</Turnin_name><Loading_facility_name/><Unloading_facility_name>TCL3</Unloading_facility_name><Loading_facility_name_2/><Unloading_facility_name_2/><Customs_formalities_name/><Pickup_PC>9130</Pickup_PC><Turnin_PC>2030</Turnin_PC><Loading_facility_PC/><Loading_facility_PC_2/><Unloading_facility_PC_2/><Unloading_facility_PC>2030</Unloading_facility_PC><Customs_formalities_PC/><Fictive_unloaded_date>2014-10-13</Fictive_unloaded_date><Pickup_reference/><Turnin_reference>CMA STOCK</Turnin_reference><Avail_after_customs_ref/><Loading_reference/><Unloading_reference/><Party_reference/><Loading_date xsi:nil="true"/><Date_Updated>false</Date_Updated><CNIHN_avail>false</CNIHN_avail><closing_date xsi:nil="true"/><closing_date_ams xsi:nil="true"/><Container_size_code>20</Container_size_code><QTP1_type_1_code>I</QTP1_type_1_code><Loading_Time/><Unloading_Time/><Target_mngr_ORGUS_Obj>43677815.042100000</Target_mngr_ORGUS_Obj><Offhire>false</Offhire><Action_From_Name2/><Action_From_Country>BE</Action_From_Country><Action_From_Street>TCL3</Action_From_Street><Action_From_Street2/><Action_To_Name2/><Action_To_Country>BE</Action_To_Country><Action_To_Street>KLEIN ZUIDLAND 4</Action_To_Street><Action_To_Street2/><Container_leeg>true</Container_leeg><Container_wedergebruik>false</Container_wedergebruik><Container_wachtzone>false</Container_wachtzone><Container_fumigatie>false</Container_fumigatie><Booking_reference/><Container_T1>false</Container_T1><Action_From_PC>2030</Action_From_PC><Action_To_PC>2030</Action_To_PC><Date_active xsi:nil="true"/><Container_height>8,6 feet</Container_height><Original_CNITP_Obj>532607175.042100000</Original_CNITP_Obj></ttplanning><ttplanning><DATCRE>2014-10-10</DATCRE><TIMECRE>0</TIMECRE><USERCRE/><DATWYZ>2014-10-16</DATWYZ><TIMEWYZ>58505</TIMEWYZ><USERWYZ/><FIRMANR>5</FIRMANR><SOORT>0</SOORT><ORDNR>0.0</ORDNR><ORDVOLGNR>0</ORDVOLGNR><ORDSOORT>0</ORDSOORT><ORDSUBSOORT>0</ORDSUBSOORT><STATUSCODE>PROC</STATUSCODE><ACTIVITEIT>Doktransport</ACTIVITEIT><DATREQ xsi:nil="true"/><TIMEREQ/><OMSCHR1/><OMSCHR2/><OMSCHR3/><ADRESNR>0.0</ADRESNR><VOLGNR>7</VOLGNR><IDENTNR>0</IDENTNR><PRIOR>3</PRIOR><OMSCHRPRIOR/><KDSTOCK/><DATREQTOT xsi:nil="true"/><TIMEREQTOT/><DUUR>0</DUUR><OMSCHR4/><NAAM/><ADRES>Antwerpen</ADRES><STAD/><TELEFOON/><TELEFOON2/><BTWNR/><POSTNR/><LAND/><KDKATEG1>0</KDKATEG1><FACTUURADRESNR>0.0</FACTUURADRESNR><FACTUURNAAM/><DEPOT/><WAGEN/><ROUTENR>0</ROUTENR><DATOPT xsi:nil="true"/><DATOPTTOT xsi:nil="true"/><TIMEOPT/><TIMEOPTTOT/><WAGENGEVRAAGD/><CHAUFFEUR/><NUMMERPLAAT/><STATUS2>Voltooid</STATUS2><WERF/><WERF2/><WERFADRESNR>0.0</WERFADRESNR><WERFSTRAAT/><WERFLAND/><WERFPOST/><WERFSTAD/><WERFTELEFO/><WERFTELEFO-2/><LAADADRESNR>0.0</LAADADRESNR><Container_type>General Purpose without ventilation</Container_type><Zegel>B4848732</Zegel><LAADSTRAAT/><LAADLAND/><LAADPOST/><LAADSTAD/><Original_ORGCY_Obj>14490001.042100000</Original_ORGCY_Obj><Intermodal_ORGCY_Obj>14416050.922100000</Intermodal_ORGCY_Obj><Original_QSTS_Obj>17531435.902100000</Original_QSTS_Obj><Plan_Sequence_Number>92906</Plan_Sequence_Number><QTP1_Obj>224848.902100000</QTP1_Obj><Original_ORGAC_Obj>14529037.042100000</Original_ORGAC_Obj><Intermodal_ORGAC_Obj>14529064.042100000</Intermodal_ORGAC_Obj><Original_FINAC_Obj>532316975.042100000</Original_FINAC_Obj><Intermodal_FINAC_Obj>545564854.042100000</Intermodal_FINAC_Obj><Original_Consignment_Number>114915.00</Original_Consignment_Number><Original_Cargo_Number>CNCU 282126-0</Original_Cargo_Number><Original_FINAC_Analytic_Code>141004813</Original_FINAC_Analytic_Code><Action_From_CNITPAD_obj>545739115.042100000</Action_From_CNITPAD_obj><Action_To_CNITPAD_obj>545739227.042100000</Action_To_CNITPAD_obj><From_CNITPAD_obj>545739115.042100000</From_CNITPAD_obj><To_CNITPAD_obj>545739227.042100000</To_CNITPAD_obj><Planning_Date>2014-10-13</Planning_Date><Planning_Time>080000</Planning_Time><Instruction_Date>2014-10-10</Instruction_Date><Instruction_Time>142944</Instruction_Time><Execution_Date xsi:nil="true"/><Execution_Time/><From_QPAR_obj>366159.802100000</From_QPAR_obj><To_QPAR_obj>100498307.902100000</To_QPAR_obj><Original_Cargo_obj>532327210.042100000</Original_Cargo_obj><Intermodal_Cargo_obj>545565147.042100000</Intermodal_Cargo_obj><Original_CNI_obj>532316981.042100000</Original_CNI_obj><Intermodal_CNI_obj>545564867.042100000</Intermodal_CNI_obj><Original_Owning_Obj>545739078.042100000</Original_Owning_Obj><Intermodal_Owning_Obj>545739078.042100000</Intermodal_Owning_Obj><Intermodal_FINAC_Analytic_Code>147008391</Intermodal_FINAC_Analytic_Code><Intermodal_Consignment_Number>51760.00</Intermodal_Consignment_Number><Intermodal_Cargo_Number>CNCU 282126-0</Intermodal_Cargo_Number><Truck_Truck_Obj>407070632.042100000</Truck_Truck_Obj><Trailer_Truck_Obj>0.000000000</Trailer_Truck_Obj><property_internal/><AFSPRAAK/><QTP2_Obj>224912.902100000</QTP2_Obj><QTP3_Obj>224942.902100000</QTP3_Obj><QTP4_Obj>14926471.902100000</QTP4_Obj><QTP5_Obj>3740975.902100000</QTP5_Obj><QTP0_Obj>17517645.902100000</QTP0_Obj><TPE_NAD_Obj>14586974.042100000</TPE_NAD_Obj><TPI_NAD_Obj>19779132.042100000</TPI_NAD_Obj><TPI_CTA_Obj>0.000000000</TPI_CTA_Obj><CMR_Body_Layout_Obj>15472943.042100000</CMR_Body_Layout_Obj><Intermodal_Cus_NAD_Obj>0.000000000</Intermodal_Cus_NAD_Obj><Intermodal_Customer>TCL</Intermodal_Customer><Original_Customer>EUROPEAN OWENS CORNING FIBERGLAS</Original_Customer><Original_Cus_NAD_Obj>0.000000000</Original_Cus_NAD_Obj><Int_CNI_Description>TCL3 - Antwerpen - Original Consignment Number: 114915</Int_CNI_Description><Int_Reporting_Period>201410</Int_Reporting_Period><QMOT_obj>0.000000000</QMOT_obj><Truck_Type_obj>19565978.902100000</Truck_Type_obj><Trailer_Type_obj>0.000000000</Trailer_Type_obj><Truck_Licence_Plate>ESKATRANS01</Truck_Licence_Plate><Trailer_Licence_Plate/><Original_File_Number>141004813</Original_File_Number><Intermodal_File_Number/><Transporteur>ESKATRANS BVBA</Transporteur><Pickup_name>KAAI 1700</Pickup_name><Action_From>KAAI 1700</Action_From><Action_To>TCL3</Action_To><CNITP_Type>ROAD</CNITP_Type><Action_From_QPAR>PICKUP</Action_From_QPAR><Action_To_QPAR>CUNLOA</Action_To_QPAR><Action_From_Location>Kallo</Action_From_Location><Action_To_Location>Antwerpen</Action_To_Location><Truck_Fleet_Number>ESKATRANS01</Truck_Fleet_Number><plan_type>Action</plan_type><Direction>I</Direction><Action_From_Alias>KAAI 1700</Action_From_Alias><Action_To_Alias>TCL3</Action_To_Alias><Action_From_Location_AL>Kallo</Action_From_Location_AL><Action_To_Location_AL>Antwerpen</Action_To_Location_AL><Trailer_Fleet_Number/><Loaded_date xsi:nil="true"/><Unloaded_date>2014-10-16</Unloaded_date><Unloading_date xsi:nil="true"/><Turned_In_date xsi:nil="true"/><Turnin_date xsi:nil="true"/><Picked_up_date xsi:nil="true"/><Pickup_date xsi:nil="true"/><Detention_date>2014-09-26</Detention_date><Demurrage_date xsi:nil="true"/><Free_until_date>2014-09-25</Free_until_date><Pickup_location>Kallo</Pickup_location><Turnin_location>Antwerpen</Turnin_location><Loading_facility_location/><Unloading_facility_location>Antwerpen</Unloading_facility_location><Unloading_facility_location_2/><Loading_facility_location_2/><Customs_formalities_location/><Turnin_name>TTW</Turnin_name><Loading_facility_name/><Unloading_facility_name>TCL3</Unloading_facility_name><Loading_facility_name_2/><Unloading_facility_name_2/><Customs_formalities_name/><Pickup_PC>9130</Pickup_PC><Turnin_PC>2030</Turnin_PC><Loading_facility_PC/><Loading_facility_PC_2/><Unloading_facility_PC_2/><Unloading_facility_PC>2030</Unloading_facility_PC><Customs_formalities_PC/><Fictive_unloaded_date>2014-10-13</Fictive_unloaded_date><Pickup_reference>1401651495</Pickup_reference><Turnin_reference/><Avail_after_customs_ref>VRIJ GOED</Avail_after_customs_ref><Loading_reference/><Unloading_reference/><Party_reference/><Loading_date xsi:nil="true"/><Date_Updated>true</Date_Updated><CNIHN_avail>false</CNIHN_avail><closing_date xsi:nil="true"/><closing_date_ams xsi:nil="true"/><Container_size_code>20</Container_size_code><QTP1_type_1_code>I</QTP1_type_1_code><Loading_Time/><Unloading_Time/><Target_mngr_ORGUS_Obj>43677815.042100000</Target_mngr_ORGUS_Obj><Offhire>false</Offhire><Action_From_Name2>DP WORLD</Action_From_Name2><Action_From_Country>BE</Action_From_Country><Action_From_Street>DEURGANCKDOK</Action_From_Street><Action_From_Street2>ANTWERP GATEWAY</Action_From_Street2><Action_To_Name2/><Action_To_Country>BE</Action_To_Country><Action_To_Street>TCL3</Action_To_Street><Action_To_Street2/><Container_leeg>true</Container_leeg><Container_wedergebruik>false</Container_wedergebruik><Container_wachtzone>false</Container_wachtzone><Container_fumigatie>false</Container_fumigatie><Booking_reference/><Container_T1>false</Container_T1><Action_From_PC>9130</Action_From_PC><Action_To_PC>2030</Action_To_PC><Date_active>2014-10-13</Date_active><Container_height>8,6 feet</Container_height><Original_CNITP_Obj>532607175.042100000</Original_CNITP_Obj><ttplanningdet><DATCRE xsi:nil="true"/><TIMECRE>0</TIMECRE><USERCRE/><DATWYZ>2014-10-13</DATWYZ><TIMEWYZ>57956</TIMEWYZ><USERWYZ/><FIRMANR>1</FIRMANR><ORDNR>0.00</ORDNR><ORDVOLGNR>0</ORDVOLGNR><ORDSOORT>0</ORDSOORT><ORDSUBSOORT>0</ORDSUBSOORT><VOLGNR>1</VOLGNR><RESOURCE>407070632,0421</RESOURCE><DATPLAN>2014-10-13</DATPLAN><TIMEPLANVAN>080000</TIMEPLANVAN><TIMEPLANTOT>100000</TIMEPLANTOT><SOORT>0</SOORT><STATUSNAV/><STATUSCODE>PROC</STATUSCODE><RESOURCETYPE/><ORGCY_Obj>0.00</ORGCY_Obj><Plan_Sequence_Number>92906</Plan_Sequence_Number><Intermodal_Cargo_obj>545565147.042100000</Intermodal_Cargo_obj><Intermodal_Owning_obj>545739078.042100000</Intermodal_Owning_obj><Action_From>KAAI 1700</Action_From><Action_To>TCL3</Action_To><STATUS2>Voltooid</STATUS2><Intermodal_Cargo_Number>CNCU 282126-0</Intermodal_Cargo_Number><Action_From_Location>Kallo</Action_From_Location><Action_To_Location>Antwerpen</Action_To_Location><OMSCHR1/><PRIOR/></ttplanningdet></ttplanning><ttplanning><DATCRE>2014-10-10</DATCRE><TIMECRE>0</TIMECRE><USERCRE/><DATWYZ>2014-10-16</DATWYZ><TIMEWYZ>58505</TIMEWYZ><USERWYZ/><FIRMANR>5</FIRMANR><SOORT>0</SOORT><ORDNR>0.0</ORDNR><ORDVOLGNR>0</ORDVOLGNR><ORDSOORT>0</ORDSOORT><ORDSUBSOORT>0</ORDSUBSOORT><STATUSCODE>PROC</STATUSCODE><ACTIVITEIT>Doktransport</ACTIVITEIT><DATREQ xsi:nil="true"/><TIMEREQ/><OMSCHR1>TCL3 - Antwerpen - Original Consignment Number: 114915</OMSCHR1><OMSCHR2>cma stock</OMSCHR2><OMSCHR3/><ADRESNR>0.0</ADRESNR><VOLGNR>8</VOLGNR><IDENTNR>0</IDENTNR><PRIOR/><OMSCHRPRIOR/><KDSTOCK/><DATREQTOT xsi:nil="true"/><TIMEREQTOT/><DUUR>0</DUUR><OMSCHR4/><NAAM/><ADRES>Antwerpen</ADRES><STAD/><TELEFOON/><TELEFOON2/><BTWNR/><POSTNR/><LAND/><KDKATEG1>0</KDKATEG1><FACTUURADRESNR>0.0</FACTUURADRESNR><FACTUURNAAM/><DEPOT/><WAGEN/><ROUTENR>0</ROUTENR><DATOPT xsi:nil="true"/><DATOPTTOT xsi:nil="true"/><TIMEOPT/><TIMEOPTTOT/><WAGENGEVRAAGD/><CHAUFFEUR/><NUMMERPLAAT/><STATUS2>Voltooid</STATUS2><WERF/><WERF2/><WERFADRESNR>0.0</WERFADRESNR><WERFSTRAAT/><WERFLAND/><WERFPOST/><WERFSTAD/><WERFTELEFO/><WERFTELEFO-2/><LAADADRESNR>0.0</LAADADRESNR><Container_type>General Purpose without ventilation</Container_type><Zegel>B4848732</Zegel><LAADSTRAAT/><LAADLAND/><LAADPOST/><LAADSTAD/><Original_ORGCY_Obj>14490001.042100000</Original_ORGCY_Obj><Intermodal_ORGCY_Obj>14416050.922100000</Intermodal_ORGCY_Obj><Original_QSTS_Obj>17531435.902100000</Original_QSTS_Obj><Plan_Sequence_Number>92907</Plan_Sequence_Number><QTP1_Obj>224848.902100000</QTP1_Obj><Original_ORGAC_Obj>14529037.042100000</Original_ORGAC_Obj><Intermodal_ORGAC_Obj>14529064.042100000</Intermodal_ORGAC_Obj><Original_FINAC_Obj>532316975.042100000</Original_FINAC_Obj><Intermodal_FINAC_Obj>545564854.042100000</Intermodal_FINAC_Obj><Original_Consignment_Number>114915.00</Original_Consignment_Number><Original_Cargo_Number>CNCU 282126-0</Original_Cargo_Number><Original_FINAC_Analytic_Code>141004813</Original_FINAC_Analytic_Code><Action_From_CNITPAD_obj>547654990.042100000</Action_From_CNITPAD_obj><Action_To_CNITPAD_obj>547655199.042100000</Action_To_CNITPAD_obj><From_CNITPAD_obj>547654990.042100000</From_CNITPAD_obj><To_CNITPAD_obj>547655199.042100000</To_CNITPAD_obj><Planning_Date>2014-10-14</Planning_Date><Planning_Time>080000</Planning_Time><Instruction_Date>2014-10-10</Instruction_Date><Instruction_Time>142944</Instruction_Time><Execution_Date>2014-10-14</Execution_Date><Execution_Time>080000</Execution_Time><From_QPAR_obj>100498307.902100000</From_QPAR_obj><To_QPAR_obj>366168.802100000</To_QPAR_obj><Original_Cargo_obj>532327210.042100000</Original_Cargo_obj><Intermodal_Cargo_obj>545565147.042100000</Intermodal_Cargo_obj><Original_CNI_obj>532316981.042100000</Original_CNI_obj><Intermodal_CNI_obj>545564867.042100000</Intermodal_CNI_obj><Original_Owning_Obj>545564979.042100000</Original_Owning_Obj><Intermodal_Owning_Obj>547654954.042100000</Intermodal_Owning_Obj><Intermodal_FINAC_Analytic_Code>147008391</Intermodal_FINAC_Analytic_Code><Intermodal_Consignment_Number>51760.00</Intermodal_Consignment_Number><Intermodal_Cargo_Number>CNCU 282126-0</Intermodal_Cargo_Number><Truck_Truck_Obj>70827933.042100000</Truck_Truck_Obj><Trailer_Truck_Obj>0.000000000</Trailer_Truck_Obj><property_internal/><AFSPRAAK/><QTP2_Obj>224912.902100000</QTP2_Obj><QTP3_Obj>224942.902100000</QTP3_Obj><QTP4_Obj>14926471.902100000</QTP4_Obj><QTP5_Obj>3740975.902100000</QTP5_Obj><QTP0_Obj>17517645.902100000</QTP0_Obj><TPE_NAD_Obj>14586974.042100000</TPE_NAD_Obj><TPI_NAD_Obj>14586974.042100000</TPI_NAD_Obj><TPI_CTA_Obj>0.000000000</TPI_CTA_Obj><CMR_Body_Layout_Obj>15472943.042100000</CMR_Body_Layout_Obj><Intermodal_Cus_NAD_Obj>0.000000000</Intermodal_Cus_NAD_Obj><Intermodal_Customer>TCL</Intermodal_Customer><Original_Customer>EUROPEAN OWENS CORNING FIBERGLAS</Original_Customer><Original_Cus_NAD_Obj>0.000000000</Original_Cus_NAD_Obj><Int_CNI_Description>TCL3 - Antwerpen - Original Consignment Number: 114915</Int_CNI_Description><Int_Reporting_Period>201410</Int_Reporting_Period><QMOT_obj>0.000000000</QMOT_obj><Truck_Type_obj>19565978.902100000</Truck_Type_obj><Trailer_Type_obj>0.000000000</Trailer_Type_obj><Truck_Licence_Plate/><Trailer_Licence_Plate/><Original_File_Number>141004813</Original_File_Number><Intermodal_File_Number/><Transporteur>TRANSPORT TH WOUTERS</Transporteur><Pickup_name>KAAI 1700</Pickup_name><Action_From>TCL3</Action_From><Action_To>TRANSPORT TH WOUTERS</Action_To><CNITP_Type>ROAD</CNITP_Type><Action_From_QPAR>CUNLOA</Action_From_QPAR><Action_To_QPAR>TURNIN</Action_To_QPAR><Action_From_Location>Antwerpen</Action_From_Location><Action_To_Location>Antwerpen</Action_To_Location><Truck_Fleet_Number>TCL</Truck_Fleet_Number><plan_type>Action</plan_type><Direction>I</Direction><Action_From_Alias>TCL3</Action_From_Alias><Action_To_Alias>TTW</Action_To_Alias><Action_From_Location_AL>Antwerpen</Action_From_Location_AL><Action_To_Location_AL>Antwerpen</Action_To_Location_AL><Trailer_Fleet_Number/><Loaded_date xsi:nil="true"/><Unloaded_date>2014-10-16</Unloaded_date><Unloading_date xsi:nil="true"/><Turned_In_date xsi:nil="true"/><Turnin_date xsi:nil="true"/><Picked_up_date xsi:nil="true"/><Pickup_date xsi:nil="true"/><Detention_date>2014-09-26</Detention_date><Demurrage_date xsi:nil="true"/><Free_until_date xsi:nil="true"/><Pickup_location>Kallo</Pickup_location><Turnin_location>Antwerpen</Turnin_location><Loading_facility_location/><Unloading_facility_location>Antwerpen</Unloading_facility_location><Unloading_facility_location_2/><Loading_facility_location_2/><Customs_formalities_location/><Turnin_name>TTW</Turnin_name><Loading_facility_name/><Unloading_facility_name>TCL3</Unloading_facility_name><Loading_facility_name_2/><Unloading_facility_name_2/><Customs_formalities_name/><Pickup_PC>9130</Pickup_PC><Turnin_PC>2030</Turnin_PC><Loading_facility_PC/><Loading_facility_PC_2/><Unloading_facility_PC_2/><Unloading_facility_PC>2030</Unloading_facility_PC><Customs_formalities_PC/><Fictive_unloaded_date>2014-10-13</Fictive_unloaded_date><Pickup_reference/><Turnin_reference>CMA STOCK</Turnin_reference><Avail_after_customs_ref/><Loading_reference/><Unloading_reference/><Party_reference/><Loading_date xsi:nil="true"/><Date_Updated>false</Date_Updated><CNIHN_avail>false</CNIHN_avail><closing_date xsi:nil="true"/><closing_date_ams xsi:nil="true"/><Container_size_code>20</Container_size_code><QTP1_type_1_code>I</QTP1_type_1_code><Loading_Time/><Unloading_Time/><Target_mngr_ORGUS_Obj>43677815.042100000</Target_mngr_ORGUS_Obj><Offhire>false</Offhire><Action_From_Name2/><Action_From_Country>BE</Action_From_Country><Action_From_Street>TCL3</Action_From_Street><Action_From_Street2/><Action_To_Name2/><Action_To_Country>BE</Action_To_Country><Action_To_Street>KLEIN ZUIDLAND 4</Action_To_Street><Action_To_Street2/><Container_leeg>true</Container_leeg><Container_wedergebruik>false</Container_wedergebruik><Container_wachtzone>false</Container_wachtzone><Container_fumigatie>false</Container_fumigatie><Booking_reference/><Container_T1>false</Container_T1><Action_From_PC>2030</Action_From_PC><Action_To_PC>2030</Action_To_PC><Date_active>2014-10-14</Date_active><Container_height>8,6 feet</Container_height><Original_CNITP_Obj>532607175.042100000</Original_CNITP_Obj><ttplanningdet><DATCRE xsi:nil="true"/><TIMECRE>0</TIMECRE><USERCRE/><DATWYZ>2014-10-15</DATWYZ><TIMEWYZ>51211</TIMEWYZ><USERWYZ/><FIRMANR>1</FIRMANR><ORDNR>0.00</ORDNR><ORDVOLGNR>0</ORDVOLGNR><ORDSOORT>0</ORDSOORT><ORDSUBSOORT>0</ORDSUBSOORT><VOLGNR>1</VOLGNR><RESOURCE>70827933,0421</RESOURCE><DATPLAN>2014-10-14</DATPLAN><TIMEPLANVAN>080000</TIMEPLANVAN><TIMEPLANTOT>100000</TIMEPLANTOT><SOORT>0</SOORT><STATUSNAV/><STATUSCODE>PROC</STATUSCODE><RESOURCETYPE/><ORGCY_Obj>0.00</ORGCY_Obj><Plan_Sequence_Number>92907</Plan_Sequence_Number><Intermodal_Cargo_obj>545565147.042100000</Intermodal_Cargo_obj><Intermodal_Owning_obj>547654954.042100000</Intermodal_Owning_obj><Action_From>TCL3</Action_From><Action_To>TRANSPORT TH WOUTERS</Action_To><STATUS2>Voltooid</STATUS2><Intermodal_Cargo_Number>CNCU 282126-0</Intermodal_Cargo_Number><Action_From_Location>Antwerpen</Action_From_Location><Action_To_Location>Antwerpen</Action_To_Location><OMSCHR1/><PRIOR/></ttplanningdet></ttplanning></dsplanning>